Id,Latitudine,Longitudine
1,0,0
2,0,1
3,0,2
4,0,3
5,0,4
6,0,5
7,0,6
8,0,7
9,0,8
10,0,9
11,0,10
12,0,11
13,0,12
14,0,13
15,0,14
16,0,15
17,0,16
18,0,17
19,0,18
20,0,19
21,0,20
22,0,21
23,0,22
24,0,23
25,0,24
26,0,25
27,0,26
28,0,27
29,0,28
30,0,29
31,0,30
32,0,31
33,0,32
34,0,33
35,0,34
36,0,35
37,0,36
38,0,37
39,0,38
40,0,39
41,0,40
42,0,41
43,0,42
44,0,43
45,0,44
46,0,45
47,0,46
48,0,47
49,0,48
50,0,49
51,1,0
52,1,1
53,1,2
54,1,3
55,1,4
56,1,5
57,1,6
58,1,7
59,1,8
60,1,9
61,1,10
62,1,11
63,1,12
64,1,13
65,1,14
66,1,15
67,1,16
68,1,17
69,1,18
70,1,19
71,1,20
72,1,21
73,1,22
74,1,23
75,1,24
76,1,25
77,1,26
78,1,27
79,1,28
80,1,29
81,1,30
82,1,31
83,1,32
84,1,33
85,1,34
86,1,35
87,1,36
88,1,37
89,1,38
90,1,39
91,1,40
92,1,41
93,1,42
94,1,43
95,1,44
96,1,45
97,1,46
98,1,47
99,1,48
100,1,49
101,2,0
102,2,1
103,2,2
104,2,3
105,2,4
106,2,5
107,2,6
108,2,7
109,2,8
110,2,9
111,2,10
112,2,11
113,2,12
114,2,13
115,2,14
116,2,15
117,2,16
118,2,17
119,2,18
120,2,19
121,2,20
122,2,21
123,2,22
124,2,23
125,2,24
126,2,25
127,2,26
128,2,27
129,2,28
130,2,29
131,2,30
132,2,31
133,2,32
134,2,33
135,2,34
136,2,35
137,2,36
138,2,37
139,2,38
140,2,39
141,2,40
142,2,41
143,2,42
144,2,43
145,2,44
146,2,45
147,2,46
148,2,47
149,2,48
150,2,49
151,3,0
152,3,1
153,3,2
154,3,3
155,3,4
156,3,5
157,3,6
158,3,7
159,3,8
160,3,9
161,3,10
162,3,11
163,3,12
164,3,13
165,3,14
166,3,15
167,3,16
168,3,17
169,3,18
170,3,19
171,3,20
172,3,21
173,3,22
174,3,23
175,3,24
176,3,25
177,3,26
178,3,27
179,3,28
180,3,29
181,3,30
182,3,31
183,3,32
184,3,33
185,3,34
186,3,35
187,3,36
188,3,37
189,3,38
190,3,39
191,3,40
192,3,41
193,3,42
194,3,43
195,3,44
196,3,45
197,3,46
198,3,47
199,3,48
200,3,49
201,4,0
202,4,1
203,4,2
204,4,3
205,4,4
206,4,5
207,4,6
208,4,7
209,4,8
210,4,9
211,4,10
212,4,11
213,4,12
214,4,13
215,4,14
216,4,15
217,4,16
218,4,17
219,4,18
220,4,19
221,4,20
222,4,21
223,4,22
224,4,23
225,4,24
226,4,25
227,4,26
228,4,27
229,4,28
230,4,29
231,4,30
232,4,31
233,4,32
234,4,33
235,4,34
236,4,35
237,4,36
238,4,37
239,4,38
240,4,39
241,4,40
242,4,41
243,4,42
244,4,43
245,4,44
246,4,45
247,4,46
248,4,47
249,4,48
250,4,49
251,5,0
252,5,1
253,5,2
254,5,3
255,5,4
256,5,5
257,5,6
258,5,7
259,5,8
260,5,9
261,5,10
262,5,11
263,5,12
264,5,13
265,5,14
266,5,15
267,5,16
268,5,17
269,5,18
270,5,19
271,5,20
272,5,21
273,5,22
274,5,23
275,5,24
276,5,25
277,5,26
278,5,27
279,5,28
280,5,29
281,5,30
282,5,31
283,5,32
284,5,33
285,5,34
286,5,35
287,5,36
288,5,37
289,5,38
290,5,39
291,5,40
292,5,41
293,5,42
294,5,43
295,5,44
296,5,45
297,5,46
298,5,47
299,5,48
300,5,49
301,6,0
302,6,1
303,6,2
304,6,3
305,6,4
306,6,5
307,6,6
308,6,7
309,6,8
310,6,9
311,6,10
312,6,11
313,6,12
314,6,13
315,6,14
316,6,15
317,6,16
318,6,17
319,6,18
320,6,19
321,6,20
322,6,21
323,6,22
324,6,23
325,6,24
326,6,25
327,6,26
328,6,27
329,6,28
330,6,29
331,6,30
332,6,31
333,6,32
334,6,33
335,6,34
336,6,35
337,6,36
338,6,37
339,6,38
340,6,39
341,6,40
342,6,41
343,6,42
344,6,43
345,6,44
346,6,45
347,6,46
348,6,47
349,6,48
350,6,49
351,7,0
352,7,1
353,7,2
354,7,3
355,7,4
356,7,5
357,7,6
358,7,7
359,7,8
360,7,9
361,7,10
362,7,11
363,7,12
364,7,13
365,7,14
366,7,15
367,7,16
368,7,17
369,7,18
370,7,19
371,7,20
372,7,21
373,7,22
374,7,23
375,7,24
376,7,25
377,7,26
378,7,27
379,7,28
380,7,29
381,7,30
382,7,31
383,7,32
384,7,33
385,7,34
386,7,35
387,7,36
388,7,37
389,7,38
390,7,39
391,7,40
392,7,41
393,7,42
394,7,43
395,7,44
396,7,45
397,7,46
398,7,47
399,7,48
400,7,49
401,8,0
402,8,1
403,8,2
404,8,3
405,8,4
406,8,5
407,8,6
408,8,7
409,8,8
410,8,9
411,8,10
412,8,11
413,8,12
414,8,13
415,8,14
416,8,15
417,8,16
418,8,17
419,8,18
420,8,19
421,8,20
422,8,21
423,8,22
424,8,23
425,8,24
426,8,25
427,8,26
428,8,27
429,8,28
430,8,29
431,8,30
432,8,31
433,8,32
434,8,33
435,8,34
436,8,35
437,8,36
438,8,37
439,8,38
440,8,39
441,8,40
442,8,41
443,8,42
444,8,43
445,8,44
446,8,45
447,8,46
448,8,47
449,8,48
450,8,49
451,9,0
452,9,1
453,9,2
454,9,3
455,9,4
456,9,5
457,9,6
458,9,7
459,9,8
460,9,9
461,9,10
462,9,11
463,9,12
464,9,13
465,9,14
466,9,15
467,9,16
468,9,17
469,9,18
470,9,19
471,9,20
472,9,21
473,9,22
474,9,23
475,9,24
476,9,25
477,9,26
478,9,27
479,9,28
480,9,29
481,9,30
482,9,31
483,9,32
484,9,33
485,9,34
486,9,35
487,9,36
488,9,37
489,9,38
490,9,39
491,9,40
492,9,41
493,9,42
494,9,43
495,9,44
496,9,45
497,9,46
498,9,47
499,9,48
500,9,49
501,10,0
502,10,1
503,10,2
504,10,3
505,10,4
506,10,5
507,10,6
508,10,7
509,10,8
510,10,9
511,10,10
512,10,11
513,10,12
514,10,13
515,10,14
516,10,15
517,10,16
518,10,17
519,10,18
520,10,19
521,10,20
522,10,21
523,10,22
524,10,23
525,10,24
526,10,25
527,10,26
528,10,27
529,10,28
530,10,29
531,10,30
532,10,31
533,10,32
534,10,33
535,10,34
536,10,35
537,10,36
538,10,37
539,10,38
540,10,39
541,10,40
542,10,41
543,10,42
544,10,43
545,10,44
546,10,45
547,10,46
548,10,47
549,10,48
550,10,49
551,11,0
552,11,1
553,11,2
554,11,3
555,11,4
556,11,5
557,11,6
558,11,7
559,11,8
560,11,9
561,11,10
562,11,11
563,11,12
564,11,13
565,11,14
566,11,15
567,11,16
568,11,17
569,11,18
570,11,19
571,11,20
572,11,21
573,11,22
574,11,23
575,11,24
576,11,25
577,11,26
578,11,27
579,11,28
580,11,29
581,11,30
582,11,31
583,11,32
584,11,33
585,11,34
586,11,35
587,11,36
588,11,37
589,11,38
590,11,39
591,11,40
592,11,41
593,11,42
594,11,43
595,11,44
596,11,45
597,11,46
598,11,47
599,11,48
600,11,49
601,12,0
602,12,1
603,12,2
604,12,3
605,12,4
606,12,5
607,12,6
608,12,7
609,12,8
610,12,9
611,12,10
612,12,11
613,12,12
614,12,13
615,12,14
616,12,15
617,12,16
618,12,17
619,12,18
620,12,19
621,12,20
622,12,21
623,12,22
624,12,23
625,12,24
626,12,25
627,12,26
628,12,27
629,12,28
630,12,29
631,12,30
632,12,31
633,12,32
634,12,33
635,12,34
636,12,35
637,12,36
638,12,37
639,12,38
640,12,39
641,12,40
642,12,41
643,12,42
644,12,43
645,12,44
646,12,45
647,12,46
648,12,47
649,12,48
650,12,49
651,13,0
652,13,1
653,13,2
654,13,3
655,13,4
656,13,5
657,13,6
658,13,7
659,13,8
660,13,9
661,13,10
662,13,11
663,13,12
664,13,13
665,13,14
666,13,15
667,13,16
668,13,17
669,13,18
670,13,19
671,13,20
672,13,21
673,13,22
674,13,23
675,13,24
676,13,25
677,13,26
678,13,27
679,13,28
680,13,29
681,13,30
682,13,31
683,13,32
684,13,33
685,13,34
686,13,35
687,13,36
688,13,37
689,13,38
690,13,39
691,13,40
692,13,41
693,13,42
694,13,43
695,13,44
696,13,45
697,13,46
698,13,47
699,13,48
700,13,49
701,14,0
702,14,1
703,14,2
704,14,3
705,14,4
706,14,5
707,14,6
708,14,7
709,14,8
710,14,9
711,14,10
712,14,11
713,14,12
714,14,13
715,14,14
716,14,15
717,14,16
718,14,17
719,14,18
720,14,19
721,14,20
722,14,21
723,14,22
724,14,23
725,14,24
726,14,25
727,14,26
728,14,27
729,14,28
730,14,29
731,14,30
732,14,31
733,14,32
734,14,33
735,14,34
736,14,35
737,14,36
738,14,37
739,14,38
740,14,39
741,14,40
742,14,41
743,14,42
744,14,43
745,14,44
746,14,45
747,14,46
748,14,47
749,14,48
750,14,49
751,15,0
752,15,1
753,15,2
754,15,3
755,15,4
756,15,5
757,15,6
758,15,7
759,15,8
760,15,9
761,15,10
762,15,11
763,15,12
764,15,13
765,15,14
766,15,15
767,15,16
768,15,17
769,15,18
770,15,19
771,15,20
772,15,21
773,15,22
774,15,23
775,15,24
776,15,25
777,15,26
778,15,27
779,15,28
780,15,29
781,15,30
782,15,31
783,15,32
784,15,33
785,15,34
786,15,35
787,15,36
788,15,37
789,15,38
790,15,39
791,15,40
792,15,41
793,15,42
794,15,43
795,15,44
796,15,45
797,15,46
798,15,47
799,15,48
800,15,49
801,16,0
802,16,1
803,16,2
804,16,3
805,16,4
806,16,5
807,16,6
808,16,7
809,16,8
810,16,9
811,16,10
812,16,11
813,16,12
814,16,13
815,16,14
816,16,15
817,16,16
818,16,17
819,16,18
820,16,19
821,16,20
822,16,21
823,16,22
824,16,23
825,16,24
826,16,25
827,16,26
828,16,27
829,16,28
830,16,29
831,16,30
832,16,31
833,16,32
834,16,33
835,16,34
836,16,35
837,16,36
838,16,37
839,16,38
840,16,39
841,16,40
842,16,41
843,16,42
844,16,43
845,16,44
846,16,45
847,16,46
848,16,47
849,16,48
850,16,49
851,17,0
852,17,1
853,17,2
854,17,3
855,17,4
856,17,5
857,17,6
858,17,7
859,17,8
860,17,9
861,17,10
862,17,11
863,17,12
864,17,13
865,17,14
866,17,15
867,17,16
868,17,17
869,17,18
870,17,19
871,17,20
872,17,21
873,17,22
874,17,23
875,17,24
876,17,25
877,17,26
878,17,27
879,17,28
880,17,29
881,17,30
882,17,31
883,17,32
884,17,33
885,17,34
886,17,35
887,17,36
888,17,37
889,17,38
890,17,39
891,17,40
892,17,41
893,17,42
894,17,43
895,17,44
896,17,45
897,17,46
898,17,47
899,17,48
900,17,49
901,18,0
902,18,1
903,18,2
904,18,3
905,18,4
906,18,5
907,18,6
908,18,7
909,18,8
910,18,9
911,18,10
912,18,11
913,18,12
914,18,13
915,18,14
916,18,15
917,18,16
918,18,17
919,18,18
920,18,19
921,18,20
922,18,21
923,18,22
924,18,23
925,18,24
926,18,25
927,18,26
928,18,27
929,18,28
930,18,29
931,18,30
932,18,31
933,18,32
934,18,33
935,18,34
936,18,35
937,18,36
938,18,37
939,18,38
940,18,39
941,18,40
942,18,41
943,18,42
944,18,43
945,18,44
946,18,45
947,18,46
948,18,47
949,18,48
950,18,49
951,19,0
952,19,1
953,19,2
954,19,3
955,19,4
956,19,5
957,19,6
958,19,7
959,19,8
960,19,9
961,19,10
962,19,11
963,19,12
964,19,13
965,19,14
966,19,15
967,19,16
968,19,17
969,19,18
970,19,19
971,19,20
972,19,21
973,19,22
974,19,23
975,19,24
976,19,25
977,19,26
978,19,27
979,19,28
980,19,29
981,19,30
982,19,31
983,19,32
984,19,33
985,19,34
986,19,35
987,19,36
988,19,37
989,19,38
990,19,39
991,19,40
992,19,41
993,19,42
994,19,43
995,19,44
996,19,45
997,19,46
998,19,47
999,19,48
1000,19,49
1001,20,0
1002,20,1
1003,20,2
1004,20,3
1005,20,4
1006,20,5
1007,20,6
1008,20,7
1009,20,8
1010,20,9
1011,20,10
1012,20,11
1013,20,12
1014,20,13
1015,20,14
1016,20,15
1017,20,16
1018,20,17
1019,20,18
1020,20,19
1021,20,20
1022,20,21
1023,20,22
1024,20,23
1025,20,24
1026,20,25
1027,20,26
1028,20,27
1029,20,28
1030,20,29
1031,20,30
1032,20,31
1033,20,32
1034,20,33
1035,20,34
1036,20,35
1037,20,36
1038,20,37
1039,20,38
1040,20,39
1041,20,40
1042,20,41
1043,20,42
1044,20,43
1045,20,44
1046,20,45
1047,20,46
1048,20,47
1049,20,48
1050,20,49
1051,21,0
1052,21,1
1053,21,2
1054,21,3
1055,21,4
1056,21,5
1057,21,6
1058,21,7
1059,21,8
1060,21,9
1061,21,10
1062,21,11
1063,21,12
1064,21,13
1065,21,14
1066,21,15
1067,21,16
1068,21,17
1069,21,18
1070,21,19
1071,21,20
1072,21,21
1073,21,22
1074,21,23
1075,21,24
1076,21,25
1077,21,26
1078,21,27
1079,21,28
1080,21,29
1081,21,30
1082,21,31
1083,21,32
1084,21,33
1085,21,34
1086,21,35
1087,21,36
1088,21,37
1089,21,38
1090,21,39
1091,21,40
1092,21,41
1093,21,42
1094,21,43
1095,21,44
1096,21,45
1097,21,46
1098,21,47
1099,21,48
1100,21,49
1101,22,0
1102,22,1
1103,22,2
1104,22,3
1105,22,4
1106,22,5
1107,22,6
1108,22,7
1109,22,8
1110,22,9
1111,22,10
1112,22,11
1113,22,12
1114,22,13
1115,22,14
1116,22,15
1117,22,16
1118,22,17
1119,22,18
1120,22,19
1121,22,20
1122,22,21
1123,22,22
1124,22,23
1125,22,24
1126,22,25
1127,22,26
1128,22,27
1129,22,28
1130,22,29
1131,22,30
1132,22,31
1133,22,32
1134,22,33
1135,22,34
1136,22,35
1137,22,36
1138,22,37
1139,22,38
1140,22,39
1141,22,40
1142,22,41
1143,22,42
1144,22,43
1145,22,44
1146,22,45
1147,22,46
1148,22,47
1149,22,48
1150,22,49
1151,23,0
1152,23,1
1153,23,2
1154,23,3
1155,23,4
1156,23,5
1157,23,6
1158,23,7
1159,23,8
1160,23,9
1161,23,10
1162,23,11
1163,23,12
1164,23,13
1165,23,14
1166,23,15
1167,23,16
1168,23,17
1169,23,18
1170,23,19
1171,23,20
1172,23,21
1173,23,22
1174,23,23
1175,23,24
1176,23,25
1177,23,26
1178,23,27
1179,23,28
1180,23,29
1181,23,30
1182,23,31
1183,23,32
1184,23,33
1185,23,34
1186,23,35
1187,23,36
1188,23,37
1189,23,38
1190,23,39
1191,23,40
1192,23,41
1193,23,42
1194,23,43
1195,23,44
1196,23,45
1197,23,46
1198,23,47
1199,23,48
1200,23,49
1201,24,0
1202,24,1
1203,24,2
1204,24,3
1205,24,4
1206,24,5
1207,24,6
1208,24,7
1209,24,8
1210,24,9
1211,24,10
1212,24,11
1213,24,12
1214,24,13
1215,24,14
1216,24,15
1217,24,16
1218,24,17
1219,24,18
1220,24,19
1221,24,20
1222,24,21
1223,24,22
1224,24,23
1225,24,24
1226,24,25
1227,24,26
1228,24,27
1229,24,28
1230,24,29
1231,24,30
1232,24,31
1233,24,32
1234,24,33
1235,24,34
1236,24,35
1237,24,36
1238,24,37
1239,24,38
1240,24,39
1241,24,40
1242,24,41
1243,24,42
1244,24,43
1245,24,44
1246,24,45
1247,24,46
1248,24,47
1249,24,48
1250,24,49
1251,25,0
1252,25,1
1253,25,2
1254,25,3
1255,25,4
1256,25,5
1257,25,6
1258,25,7
1259,25,8
1260,25,9
1261,25,10
1262,25,11
1263,25,12
1264,25,13
1265,25,14
1266,25,15
1267,25,16
1268,25,17
1269,25,18
1270,25,19
1271,25,20
1272,25,21
1273,25,22
1274,25,23
1275,25,24
1276,25,25
1277,25,26
1278,25,27
1279,25,28
1280,25,29
1281,25,30
1282,25,31
1283,25,32
1284,25,33
1285,25,34
1286,25,35
1287,25,36
1288,25,37
1289,25,38
1290,25,39
1291,25,40
1292,25,41
1293,25,42
1294,25,43
1295,25,44
1296,25,45
1297,25,46
1298,25,47
1299,25,48
1300,25,49
1301,26,0
1302,26,1
1303,26,2
1304,26,3
1305,26,4
1306,26,5
1307,26,6
1308,26,7
1309,26,8
1310,26,9
1311,26,10
1312,26,11
1313,26,12
1314,26,13
1315,26,14
1316,26,15
1317,26,16
1318,26,17
1319,26,18
1320,26,19
1321,26,20
1322,26,21
1323,26,22
1324,26,23
1325,26,24
1326,26,25
1327,26,26
1328,26,27
1329,26,28
1330,26,29
1331,26,30
1332,26,31
1333,26,32
1334,26,33
1335,26,34
1336,26,35
1337,26,36
1338,26,37
1339,26,38
1340,26,39
1341,26,40
1342,26,41
1343,26,42
1344,26,43
1345,26,44
1346,26,45
1347,26,46
1348,26,47
1349,26,48
1350,26,49
1351,27,0
1352,27,1
1353,27,2
1354,27,3
1355,27,4
1356,27,5
1357,27,6
1358,27,7
1359,27,8
1360,27,9
1361,27,10
1362,27,11
1363,27,12
1364,27,13
1365,27,14
1366,27,15
1367,27,16
1368,27,17
1369,27,18
1370,27,19
1371,27,20
1372,27,21
1373,27,22
1374,27,23
1375,27,24
1376,27,25
1377,27,26
1378,27,27
1379,27,28
1380,27,29
1381,27,30
1382,27,31
1383,27,32
1384,27,33
1385,27,34
1386,27,35
1387,27,36
1388,27,37
1389,27,38
1390,27,39
1391,27,40
1392,27,41
1393,27,42
1394,27,43
1395,27,44
1396,27,45
1397,27,46
1398,27,47
1399,27,48
1400,27,49
1401,28,0
1402,28,1
1403,28,2
1404,28,3
1405,28,4
1406,28,5
1407,28,6
1408,28,7
1409,28,8
1410,28,9
1411,28,10
1412,28,11
1413,28,12
1414,28,13
1415,28,14
1416,28,15
1417,28,16
1418,28,17
1419,28,18
1420,28,19
1421,28,20
1422,28,21
1423,28,22
1424,28,23
1425,28,24
1426,28,25
1427,28,26
1428,28,27
1429,28,28
1430,28,29
1431,28,30
1432,28,31
1433,28,32
1434,28,33
1435,28,34
1436,28,35
1437,28,36
1438,28,37
1439,28,38
1440,28,39
1441,28,40
1442,28,41
1443,28,42
1444,28,43
1445,28,44
1446,28,45
1447,28,46
1448,28,47
1449,28,48
1450,28,49
1451,29,0
1452,29,1
1453,29,2
1454,29,3
1455,29,4
1456,29,5
1457,29,6
1458,29,7
1459,29,8
1460,29,9
1461,29,10
1462,29,11
1463,29,12
1464,29,13
1465,29,14
1466,29,15
1467,29,16
1468,29,17
1469,29,18
1470,29,19
1471,29,20
1472,29,21
1473,29,22
1474,29,23
1475,29,24
1476,29,25
1477,29,26
1478,29,27
1479,29,28
1480,29,29
1481,29,30
1482,29,31
1483,29,32
1484,29,33
1485,29,34
1486,29,35
1487,29,36
1488,29,37
1489,29,38
1490,29,39
1491,29,40
1492,29,41
1493,29,42
1494,29,43
1495,29,44
1496,29,45
1497,29,46
1498,29,47
1499,29,48
1500,29,49
1501,30,0
1502,30,1
1503,30,2
1504,30,3
1505,30,4
1506,30,5
1507,30,6
1508,30,7
1509,30,8
1510,30,9
1511,30,10
1512,30,11
1513,30,12
1514,30,13
1515,30,14
1516,30,15
1517,30,16
1518,30,17
1519,30,18
1520,30,19
1521,30,20
1522,30,21
1523,30,22
1524,30,23
1525,30,24
1526,30,25
1527,30,26
1528,30,27
1529,30,28
1530,30,29
1531,30,30
1532,30,31
1533,30,32
1534,30,33
1535,30,34
1536,30,35
1537,30,36
1538,30,37
1539,30,38
1540,30,39
1541,30,40
1542,30,41
1543,30,42
1544,30,43
1545,30,44
1546,30,45
1547,30,46
1548,30,47
1549,30,48
1550,30,49
1551,31,0
1552,31,1
1553,31,2
1554,31,3
1555,31,4
1556,31,5
1557,31,6
1558,31,7
1559,31,8
1560,31,9
1561,31,10
1562,31,11
1563,31,12
1564,31,13
1565,31,14
1566,31,15
1567,31,16
1568,31,17
1569,31,18
1570,31,19
1571,31,20
1572,31,21
1573,31,22
1574,31,23
1575,31,24
1576,31,25
1577,31,26
1578,31,27
1579,31,28
1580,31,29
1581,31,30
1582,31,31
1583,31,32
1584,31,33
1585,31,34
1586,31,35
1587,31,36
1588,31,37
1589,31,38
1590,31,39
1591,31,40
1592,31,41
1593,31,42
1594,31,43
1595,31,44
1596,31,45
1597,31,46
1598,31,47
1599,31,48
1600,31,49
1601,32,0
1602,32,1
1603,32,2
1604,32,3
1605,32,4
1606,32,5
1607,32,6
1608,32,7
1609,32,8
1610,32,9
1611,32,10
1612,32,11
1613,32,12
1614,32,13
1615,32,14
1616,32,15
1617,32,16
1618,32,17
1619,32,18
1620,32,19
1621,32,20
1622,32,21
1623,32,22
1624,32,23
1625,32,24
1626,32,25
1627,32,26
1628,32,27
1629,32,28
1630,32,29
1631,32,30
1632,32,31
1633,32,32
1634,32,33
1635,32,34
1636,32,35
1637,32,36
1638,32,37
1639,32,38
1640,32,39
1641,32,40
1642,32,41
1643,32,42
1644,32,43
1645,32,44
1646,32,45
1647,32,46
1648,32,47
1649,32,48
1650,32,49
1651,33,0
1652,33,1
1653,33,2
1654,33,3
1655,33,4
1656,33,5
1657,33,6
1658,33,7
1659,33,8
1660,33,9
1661,33,10
1662,33,11
1663,33,12
1664,33,13
1665,33,14
1666,33,15
1667,33,16
1668,33,17
1669,33,18
1670,33,19
1671,33,20
1672,33,21
1673,33,22
1674,33,23
1675,33,24
1676,33,25
1677,33,26
1678,33,27
1679,33,28
1680,33,29
1681,33,30
1682,33,31
1683,33,32
1684,33,33
1685,33,34
1686,33,35
1687,33,36
1688,33,37
1689,33,38
1690,33,39
1691,33,40
1692,33,41
1693,33,42
1694,33,43
1695,33,44
1696,33,45
1697,33,46
1698,33,47
1699,33,48
1700,33,49
1701,34,0
1702,34,1
1703,34,2
1704,34,3
1705,34,4
1706,34,5
1707,34,6
1708,34,7
1709,34,8
1710,34,9
1711,34,10
1712,34,11
1713,34,12
1714,34,13
1715,34,14
1716,34,15
1717,34,16
1718,34,17
1719,34,18
1720,34,19
1721,34,20
1722,34,21
1723,34,22
1724,34,23
1725,34,24
1726,34,25
1727,34,26
1728,34,27
1729,34,28
1730,34,29
1731,34,30
1732,34,31
1733,34,32
1734,34,33
1735,34,34
1736,34,35
1737,34,36
1738,34,37
1739,34,38
1740,34,39
1741,34,40
1742,34,41
1743,34,42
1744,34,43
1745,34,44
1746,34,45
1747,34,46
1748,34,47
1749,34,48
1750,34,49
1751,35,0
1752,35,1
1753,35,2
1754,35,3
1755,35,4
1756,35,5
1757,35,6
1758,35,7
1759,35,8
1760,35,9
1761,35,10
1762,35,11
1763,35,12
1764,35,13
1765,35,14
1766,35,15
1767,35,16
1768,35,17
1769,35,18
1770,35,19
1771,35,20
1772,35,21
1773,35,22
1774,35,23
1775,35,24
1776,35,25
1777,35,26
1778,35,27
1779,35,28
1780,35,29
1781,35,30
1782,35,31
1783,35,32
1784,35,33
1785,35,34
1786,35,35
1787,35,36
1788,35,37
1789,35,38
1790,35,39
1791,35,40
1792,35,41
1793,35,42
1794,35,43
1795,35,44
1796,35,45
1797,35,46
1798,35,47
1799,35,48
1800,35,49
1801,36,0
1802,36,1
1803,36,2
1804,36,3
1805,36,4
1806,36,5
1807,36,6
1808,36,7
1809,36,8
1810,36,9
1811,36,10
1812,36,11
1813,36,12
1814,36,13
1815,36,14
1816,36,15
1817,36,16
1818,36,17
1819,36,18
1820,36,19
1821,36,20
1822,36,21
1823,36,22
1824,36,23
1825,36,24
1826,36,25
1827,36,26
1828,36,27
1829,36,28
1830,36,29
1831,36,30
1832,36,31
1833,36,32
1834,36,33
1835,36,34
1836,36,35
1837,36,36
1838,36,37
1839,36,38
1840,36,39
1841,36,40
1842,36,41
1843,36,42
1844,36,43
1845,36,44
1846,36,45
1847,36,46
1848,36,47
1849,36,48
1850,36,49
1851,37,0
1852,37,1
1853,37,2
1854,37,3
1855,37,4
1856,37,5
1857,37,6
1858,37,7
1859,37,8
1860,37,9
1861,37,10
1862,37,11
1863,37,12
1864,37,13
1865,37,14
1866,37,15
1867,37,16
1868,37,17
1869,37,18
1870,37,19
1871,37,20
1872,37,21
1873,37,22
1874,37,23
1875,37,24
1876,37,25
1877,37,26
1878,37,27
1879,37,28
1880,37,29
1881,37,30
1882,37,31
1883,37,32
1884,37,33
1885,37,34
1886,37,35
1887,37,36
1888,37,37
1889,37,38
1890,37,39
1891,37,40
1892,37,41
1893,37,42
1894,37,43
1895,37,44
1896,37,45
1897,37,46
1898,37,47
1899,37,48
1900,37,49
1901,38,0
1902,38,1
1903,38,2
1904,38,3
1905,38,4
1906,38,5
1907,38,6
1908,38,7
1909,38,8
1910,38,9
1911,38,10
1912,38,11
1913,38,12
1914,38,13
1915,38,14
1916,38,15
1917,38,16
1918,38,17
1919,38,18
1920,38,19
1921,38,20
1922,38,21
1923,38,22
1924,38,23
1925,38,24
1926,38,25
1927,38,26
1928,38,27
1929,38,28
1930,38,29
1931,38,30
1932,38,31
1933,38,32
1934,38,33
1935,38,34
1936,38,35
1937,38,36
1938,38,37
1939,38,38
1940,38,39
1941,38,40
1942,38,41
1943,38,42
1944,38,43
1945,38,44
1946,38,45
1947,38,46
1948,38,47
1949,38,48
1950,38,49
1951,39,0
1952,39,1
1953,39,2
1954,39,3
1955,39,4
1956,39,5
1957,39,6
1958,39,7
1959,39,8
1960,39,9
1961,39,10
1962,39,11
1963,39,12
1964,39,13
1965,39,14
1966,39,15
1967,39,16
1968,39,17
1969,39,18
1970,39,19
1971,39,20
1972,39,21
1973,39,22
1974,39,23
1975,39,24
1976,39,25
1977,39,26
1978,39,27
1979,39,28
1980,39,29
1981,39,30
1982,39,31
1983,39,32
1984,39,33
1985,39,34
1986,39,35
1987,39,36
1988,39,37
1989,39,38
1990,39,39
1991,39,40
1992,39,41
1993,39,42
1994,39,43
1995,39,44
1996,39,45
1997,39,46
1998,39,47
1999,39,48
2000,39,49
2001,40,0
2002,40,1
2003,40,2
2004,40,3
2005,40,4
2006,40,5
2007,40,6
2008,40,7
2009,40,8
2010,40,9
2011,40,10
2012,40,11
2013,40,12
2014,40,13
2015,40,14
2016,40,15
2017,40,16
2018,40,17
2019,40,18
2020,40,19
2021,40,20
2022,40,21
2023,40,22
2024,40,23
2025,40,24
2026,40,25
2027,40,26
2028,40,27
2029,40,28
2030,40,29
2031,40,30
2032,40,31
2033,40,32
2034,40,33
2035,40,34
2036,40,35
2037,40,36
2038,40,37
2039,40,38
2040,40,39
2041,40,40
2042,40,41
2043,40,42
2044,40,43
2045,40,44
2046,40,45
2047,40,46
2048,40,47
2049,40,48
2050,40,49
2051,41,0
2052,41,1
2053,41,2
2054,41,3
2055,41,4
2056,41,5
2057,41,6
2058,41,7
2059,41,8
2060,41,9
2061,41,10
2062,41,11
2063,41,12
2064,41,13
2065,41,14
2066,41,15
2067,41,16
2068,41,17
2069,41,18
2070,41,19
2071,41,20
2072,41,21
2073,41,22
2074,41,23
2075,41,24
2076,41,25
2077,41,26
2078,41,27
2079,41,28
2080,41,29
2081,41,30
2082,41,31
2083,41,32
2084,41,33
2085,41,34
2086,41,35
2087,41,36
2088,41,37
2089,41,38
2090,41,39
2091,41,40
2092,41,41
2093,41,42
2094,41,43
2095,41,44
2096,41,45
2097,41,46
2098,41,47
2099,41,48
2100,41,49
2101,42,0
2102,42,1
2103,42,2
2104,42,3
2105,42,4
2106,42,5
2107,42,6
2108,42,7
2109,42,8
2110,42,9
2111,42,10
2112,42,11
2113,42,12
2114,42,13
2115,42,14
2116,42,15
2117,42,16
2118,42,17
2119,42,18
2120,42,19
2121,42,20
2122,42,21
2123,42,22
2124,42,23
2125,42,24
2126,42,25
2127,42,26
2128,42,27
2129,42,28
2130,42,29
2131,42,30
2132,42,31
2133,42,32
2134,42,33
2135,42,34
2136,42,35
2137,42,36
2138,42,37
2139,42,38
2140,42,39
2141,42,40
2142,42,41
2143,42,42
2144,42,43
2145,42,44
2146,42,45
2147,42,46
2148,42,47
2149,42,48
2150,42,49
2151,43,0
2152,43,1
2153,43,2
2154,43,3
2155,43,4
2156,43,5
2157,43,6
2158,43,7
2159,43,8
2160,43,9
2161,43,10
2162,43,11
2163,43,12
2164,43,13
2165,43,14
2166,43,15
2167,43,16
2168,43,17
2169,43,18
2170,43,19
2171,43,20
2172,43,21
2173,43,22
2174,43,23
2175,43,24
2176,43,25
2177,43,26
2178,43,27
2179,43,28
2180,43,29
2181,43,30
2182,43,31
2183,43,32
2184,43,33
2185,43,34
2186,43,35
2187,43,36
2188,43,37
2189,43,38
2190,43,39
2191,43,40
2192,43,41
2193,43,42
2194,43,43
2195,43,44
2196,43,45
2197,43,46
2198,43,47
2199,43,48
2200,43,49
2201,44,0
2202,44,1
2203,44,2
2204,44,3
2205,44,4
2206,44,5
2207,44,6
2208,44,7
2209,44,8
2210,44,9
2211,44,10
2212,44,11
2213,44,12
2214,44,13
2215,44,14
2216,44,15
2217,44,16
2218,44,17
2219,44,18
2220,44,19
2221,44,20
2222,44,21
2223,44,22
2224,44,23
2225,44,24
2226,44,25
2227,44,26
2228,44,27
2229,44,28
2230,44,29
2231,44,30
2232,44,31
2233,44,32
2234,44,33
2235,44,34
2236,44,35
2237,44,36
2238,44,37
2239,44,38
2240,44,39
2241,44,40
2242,44,41
2243,44,42
2244,44,43
2245,44,44
2246,44,45
2247,44,46
2248,44,47
2249,44,48
2250,44,49
2251,45,0
2252,45,1
2253,45,2
2254,45,3
2255,45,4
2256,45,5
2257,45,6
2258,45,7
2259,45,8
2260,45,9
2261,45,10
2262,45,11
2263,45,12
2264,45,13
2265,45,14
2266,45,15
2267,45,16
2268,45,17
2269,45,18
2270,45,19
2271,45,20
2272,45,21
2273,45,22
2274,45,23
2275,45,24
2276,45,25
2277,45,26
2278,45,27
2279,45,28
2280,45,29
2281,45,30
2282,45,31
2283,45,32
2284,45,33
2285,45,34
2286,45,35
2287,45,36
2288,45,37
2289,45,38
2290,45,39
2291,45,40
2292,45,41
2293,45,42
2294,45,43
2295,45,44
2296,45,45
2297,45,46
2298,45,47
2299,45,48
2300,45,49
2301,46,0
2302,46,1
2303,46,2
2304,46,3
2305,46,4
2306,46,5
2307,46,6
2308,46,7
2309,46,8
2310,46,9
2311,46,10
2312,46,11
2313,46,12
2314,46,13
2315,46,14
2316,46,15
2317,46,16
2318,46,17
2319,46,18
2320,46,19
2321,46,20
2322,46,21
2323,46,22
2324,46,23
2325,46,24
2326,46,25
2327,46,26
2328,46,27
2329,46,28
2330,46,29
2331,46,30
2332,46,31
2333,46,32
2334,46,33
2335,46,34
2336,46,35
2337,46,36
2338,46,37
2339,46,38
2340,46,39
2341,46,40
2342,46,41
2343,46,42
2344,46,43
2345,46,44
2346,46,45
2347,46,46
2348,46,47
2349,46,48
2350,46,49
2351,47,0
2352,47,1
2353,47,2
2354,47,3
2355,47,4
2356,47,5
2357,47,6
2358,47,7
2359,47,8
2360,47,9
2361,47,10
2362,47,11
2363,47,12
2364,47,13
2365,47,14
2366,47,15
2367,47,16
2368,47,17
2369,47,18
2370,47,19
2371,47,20
2372,47,21
2373,47,22
2374,47,23
2375,47,24
2376,47,25
2377,47,26
2378,47,27
2379,47,28
2380,47,29
2381,47,30
2382,47,31
2383,47,32
2384,47,33
2385,47,34
2386,47,35
2387,47,36
2388,47,37
2389,47,38
2390,47,39
2391,47,40
2392,47,41
2393,47,42
2394,47,43
2395,47,44
2396,47,45
2397,47,46
2398,47,47
2399,47,48
2400,47,49
2401,48,0
2402,48,1
2403,48,2
2404,48,3
2405,48,4
2406,48,5
2407,48,6
2408,48,7
2409,48,8
2410,48,9
2411,48,10
2412,48,11
2413,48,12
2414,48,13
2415,48,14
2416,48,15
2417,48,16
2418,48,17
2419,48,18
2420,48,19
2421,48,20
2422,48,21
2423,48,22
2424,48,23
2425,48,24
2426,48,25
2427,48,26
2428,48,27
2429,48,28
2430,48,29
2431,48,30
2432,48,31
2433,48,32
2434,48,33
2435,48,34
2436,48,35
2437,48,36
2438,48,37
2439,48,38
2440,48,39
2441,48,40
2442,48,41
2443,48,42
2444,48,43
2445,48,44
2446,48,45
2447,48,46
2448,48,47
2449,48,48
2450,48,49
2451,49,0
2452,49,1
2453,49,2
2454,49,3
2455,49,4
2456,49,5
2457,49,6
2458,49,7
2459,49,8
2460,49,9
2461,49,10
2462,49,11
2463,49,12
2464,49,13
2465,49,14
2466,49,15
2467,49,16
2468,49,17
2469,49,18
2470,49,19
2471,49,20
2472,49,21
2473,49,22
2474,49,23
2475,49,24
2476,49,25
2477,49,26
2478,49,27
2479,49,28
2480,49,29
2481,49,30
2482,49,31
2483,49,32
2484,49,33
2485,49,34
2486,49,35
2487,49,36
2488,49,37
2489,49,38
2490,49,39
2491,49,40
2492,49,41
2493,49,42
2494,49,43
2495,49,44
2496,49,45
2497,49,46
2498,49,47
2499,49,48
2500,49,49
